Titres des posts,Dates des posts,Likes des posts
Platine contest,2023-03-31 10:06:19,1
They really should have made Cariel shield lose durability instead of being more expensive tbh,2023-03-31 09:55:18,0
1st card of the draft - whats the pick here?,2023-03-31 09:39:41,0
This bot is using legacy cards in standard,2023-03-31 09:03:44,0
So close to spicy,2023-03-31 08:32:14,0
[FoL] Theorycrafts for each class,2023-03-31 07:50:07,4
Symphony of Sins is a rainbow.,2023-03-31 07:48:16,16
"Just came back, what are my odds of finishing the tavern pass?",2023-03-31 05:59:58,0
Azsharan Scroll seems to be excellent in slower Shaman decks post rotation.,2023-03-31 04:08:16,19
Warrior feels,2023-03-31 04:07:56,0
Did I win? No... But it was the coolest build in the lobby :D,2023-03-31 02:57:32,0
How to play friends?,2023-03-31 02:46:51,0
Boar-Druid Guy proudly presents: Semi Viable Control Curse Warlock Deck (ft. Reno Jackson and Neeru Fireblade!),2023-03-31 02:38:13,0
Skill issue I guess,2023-03-31 02:32:10,17
I’m excited to play menagerie warrior.,2023-03-31 02:15:02,34
There should be at most two leading archetypes in a set for a class.,2023-03-31 02:09:36,0
Was this card any good?,2023-03-31 01:35:31,4
Crazy I can’t dust any of these when I paid for the battle pass,2023-03-31 01:31:32,0
Is Hearthstone on Android absolute dogshit for everyone else?,2023-03-31 01:02:26,1
"According to Gallon (one of HS designers), this was original effect of Alexandros Morgaine.",2023-03-31 00:48:53,369
Flavor on this card is a bit weird,2023-03-31 00:41:02,34
So nothing came to fruition over this tweet?,2023-03-31 00:26:11,8
"Not sure if this is a glitch, but played Murozond after opponent played Amara, and didnt get the 40 health buff but still got the minion? Opponent also played a silence, not sure if that would affect the battlecry somehow?",2023-03-31 00:17:19,0
Real vs Fake Festival of legends,2023-03-31 00:01:25,3
11 Win Hearthstone Arena Priest,2023-03-30 23:44:59,0
"So, this warrior thing is intentional.",2023-03-30 23:34:34,100
New F2P account question!,2023-03-30 23:19:48,0
Make a Big Spell mage 10 mana legendary then only print under 4 cost spells with all the relevant big ones rotating.DISAPPOINTING,2023-03-30 23:15:28,30
Rainbow death knight deck (Climatic necrotic explosion deck) For fun,2023-03-30 23:15:18,0
"daily and weekly missions don't progress, no matter how many games I play they don't progress, I came back to the game yesterday after two months, any idea what could it be?",2023-03-30 23:14:23,0
Missing a pack of Festival of Legends,2023-03-30 23:08:51,3
(8) Death Knight Bots in a row....,2023-03-30 23:03:30,0
Possibly the most obnoxious Tess build.,2023-03-30 22:57:48,0
tavern brawl afk issue,2023-03-30 22:46:31,0
Is there a deck builder updated with the new core set?,2023-03-30 22:25:26,3
Making an arena deck based on top comment - day 30/31 (hero + 30 cards),2023-03-30 22:15:54,1
"so, with the launch of the new expansion being 11th april, will the season end also be delayed?",2023-03-30 22:11:18,0
Best deck website,2023-03-30 22:02:39,0
Can’t play music in the background of mobile client,2023-03-30 21:49:56,1
Did I completely mess up my MMR,2023-03-30 21:44:33,0
Warrior class identity found: Tank!,2023-03-30 21:40:04,5
Venthyr Liadrin hero intro line still says “Is this be our entertainment?”,2023-03-30 21:36:22,8
31 Turn Game. Truly a Marvel!,2023-03-30 21:32:09,3
Not logging in for 11 days is gonna be tough.,2023-03-30 21:29:50,0
"Here are all of the Festival of Legends cards revealed today (March 30, 2023)",2023-03-30 21:24:12,135
Saddest flavor text I ever did see,2023-03-30 21:15:37,426
They really made it so you HAVE to run a neutral card to get value out of a class card?,2023-03-30 21:09:18,13
Hail D4,2023-03-30 21:09:01,3
The only Warrior meme accepted at this time. Please respect the wishes of the 'Warrior main' community,2023-03-30 21:04:50,52
new hunter common - Thornmantle Musician,2023-03-30 21:00:34,318
New Demon Hunter Card Revealed - Taste of Chaos,2023-03-30 20:45:21,164
New Class Types just dropped!,2023-03-30 20:44:31,0
Never cross the beams!,2023-03-30 20:40:19,64
Guys I Figured out Warrior's New Identity is Ramp!!!,2023-03-30 20:37:53,0
Which card do you think you will be crafting day 1?,2023-03-30 20:29:17,36
Combo’d,2023-03-30 20:15:03,1
Now that we have seen all FoL cards... what ever came from this?,2023-03-30 20:14:35,221
Most broken card of the expansion?,2023-03-30 20:10:52,0
Festival of Legends is officially releasing April 11th!,2023-03-30 20:06:23,57
"Official Festival of Legends Prediction Contest | Win a ""The Festival Legend"" custom flair!",2023-03-30 20:05:51,28
Expansion officially dropping April 11th!,2023-03-30 20:05:31,188
Power Slider Question,2023-03-30 20:04:16,0
You can't convince me otherwise,2023-03-30 20:03:41,535
when does the expansion drop?,2023-03-30 19:58:38,0
Nogre.,2023-03-30 19:55:10,288
This achievement popped up mid game. Is that not an unfair advantage for one moment.,2023-03-30 19:50:33,8
New Rogue Card Revealed - Mixtape,2023-03-30 19:48:48,547
New Mage Card Revealed - Synthesize,2023-03-30 19:48:36,406
New Warlock Card Revealed - Dirge of Despair,2023-03-30 19:48:18,146
New Card Revealed - Mixtape,2023-03-30 19:48:15,44
New Mage Card Revealed - Holotechnician,2023-03-30 19:46:05,505
New Mage Card Revealed - Holotechnician,2023-03-30 19:45:59,51
New DK Card Revealed - Death Metal Knight,2023-03-30 19:43:56,152
Step by step instructions required.,2023-03-30 19:43:05,0
New Druid Card Revealed - Harmonic/Dissonant Mood,2023-03-30 19:41:17,635
New Paladin Card Revealed - Harmonic/Dissonant Disco,2023-03-30 19:40:42,546
New Priest Card Revealed - Harmonic/Dissonant Pop,2023-03-30 19:39:04,374
New Warlock Card Revealed - Demonic Dynamics,2023-03-30 19:33:05,278
New Paladin Card Revealed - Boogie Down,2023-03-30 19:33:02,115
New Death Knight Card Revealed - Hardcore Cultist,2023-03-30 19:31:01,460
New DK Card Revealed - Hardcore Cultist,2023-03-30 19:30:50,47
New warrior weapon vs Warrior weapon from Blackrock,2023-03-30 19:29:25,82
New Shaman Card Revealed - Chill Vibes,2023-03-30 19:28:04,326
"""The weapon will save warrior guys!"" KEKW",2023-03-30 19:27:11,146
New Shaman Card Revealed - Chill Vibes,2023-03-30 19:27:34,29
New Mage Card Revealed - Cosmic Keyboard,2023-03-30 19:24:28,203
New Paladin Card Revealed - Disco Maul,2023-03-30 19:22:43,215
New Shaman card: Melomania,2023-03-30 19:21:33,572
New Warrior Card Revealed - Kodohide Drumkit,2023-03-30 19:21:01,1255
TFW a common DH card is better than the Warrior legendary,2023-03-30 19:18:56,540
New Hunter Card Revealed - Harmonica Soloist,2023-03-30 19:18:30,616
New Legendary Druid Spell!,2023-03-30 19:17:10,108
New Shaman Card Revealed - Saxophone Soloist,2023-03-30 19:15:48,1097
A better look at the new Druid legendary spell,2023-03-30 19:14:57,34
Hey guys I just reached legend first time and I'm not sure how to celebrate it. Could you help me decide?,2023-03-30 19:14:38,0
New Druid Legendary Spell Revealed (with Tokens) - Rhythm and Roots,2023-03-30 19:14:02,778
New Druid legendary spell revealed,2023-03-30 19:12:23,58
Relatively new...,2023-03-30 19:11:02,0
Returning Player deck,2023-03-30 19:09:14,1
Has there ever been such a well-flavored expansion in hs?,2023-03-30 19:07:58,6
Hunter mirror in Festival of Legends,2023-03-30 18:36:04,457
"Stream starts in 30 minutes, final card reveal.",2023-03-30 18:28:16,21
Prediction for the last priest card,2023-03-30 18:18:15,0
vS Data Reaper Report #260,2023-03-30 18:02:01,39
So I guess I'm playing paladin next expansion...,2023-03-30 17:56:48,53
Worth getting back into,2023-03-30 17:53:39,0
Overdraw/fatigue/disrupt decks in the new update,2023-03-30 17:45:15,5
Tavern Tickets + end of xpac,2023-03-30 17:19:20,0
Didn't know Ring of Tides was bugged. My day is ruined.,2023-03-30 17:15:08,7
We're gonna be rich! (again),2023-03-30 17:03:41,19
Anyone know the chance of discovering the new HP upgrade beasts?,2023-03-30 16:46:33,195
Let’s tone down the negativity and appreciate this new portrait at least.,2023-03-30 16:38:19,709
How do people think Shaman will perform next season?,2023-03-30 16:22:06,21
"The Knights are bugged, all dead same turn, and had to finish my oponnent in a long and painful way",2023-03-30 16:16:08,0
Facing constant disconnections on phone,2023-03-30 16:02:37,0
Will this card see player in big minion decks?.,2023-03-30 15:37:17,75
Still better than dev design,2023-03-30 15:20:45,0
Is the game worth getting into this late?,2023-03-30 15:19:54,15
Fun deck. Diamond 5,2023-03-30 15:08:14,0
Standard is awful?,2023-03-30 14:48:39,0
Wow didn't expect this,2023-03-30 14:29:05,6
Getting back into Hearthstone,2023-03-30 14:17:40,0
What are these things under the mana?,2023-03-30 13:51:53,429
Unpopular opinion: I think there will be a tier 1 or at least tier 2 warriordeck in the upcoming expansion and everyone is just overreacting,2023-03-30 13:42:46,0
does hs mobile finally work?,2023-03-30 13:40:17,0
6 hours until class preview and final cards reveal.,2023-03-30 13:26:23,511
Warrior Buff Suggestions From Previous Standard Sets,2023-03-30 13:07:08,108
When you really need to stop the ship,2023-03-30 13:04:25,12
Is there a mod or something that i can download that counts hoch much health i lost and gained in a match?,2023-03-30 12:29:25,0
"Was having some terrible games with Hunter, then managed to draw all 4 pieces into milling the last one. Very next game that happened with fungal fortunes… I think I should stop for the day",2023-03-30 11:55:40,0
"I'm back in the game, what should I do ?",2023-03-30 10:59:57,0
"Playing Heroic Dalaran Heist, when I used Duplatransmogrifier on Galvadon. Results were nutty, especially when the run had Anomaly, that doubles battlecries.",2023-03-30 10:52:02,17
Pack opening order,2023-03-30 10:27:08,0
Korean Hearthstone player lost his mind after Rock master revealed - Save warrior,2023-03-30 10:07:55,395
What are these things under the mana?,2023-03-30 10:01:40,0
Returning players questions.,2023-03-30 09:16:33,0
I wish the devs will be honest; are we ever going to get more dungeon runs?,2023-03-30 09:09:41,0
Why are there so many miracle rogues? What is it meant to counter?,2023-03-30 07:59:54,2
Fixing Warrior for Festival Of Legends,2023-03-30 07:20:42,0
We should have more vegetable themed cards.,2023-03-30 07:12:50,553
Tell me you are one game away from legend without telling me,2023-03-30 07:12:48,26
How the genre assignments per class should have been...,2023-03-30 07:12:11,92
Just hit legend in wild with reno hunter!,2023-03-30 06:37:01,0
Getting disconnected during match up,2023-03-30 05:18:34,2
"Im betting all my coins,Piracy warrior will get nerfed due to being a deck people hate to play against",2023-03-30 04:35:53,0
Murloc Holmes glitch??,2023-03-30 04:32:52,1
How do you download the optional sound files for mobile? (iOS),2023-03-30 04:25:07,1
Do Hearthstone fans exist?,2023-03-30 04:22:17,0
Turn 14,2023-03-30 04:05:55,0
hehe spell brawl go brrr,2023-03-30 03:35:38,35
An honest portrayal of depression- life on hearthstone,2023-03-30 02:25:03,0
"Some questions about starting to play HS, send help",2023-03-30 01:51:23,0
Let's be honest about the new Warlock package,2023-03-30 01:35:56,0
So I just got 4 legendaries in my arena draft. Can’t wait to go 0-3 :D,2023-03-30 01:26:37,30
Warrior bad,2023-03-30 00:30:57,22
Haunting Nigthmare BUG?,2023-03-30 00:27:35,1
ETC Band Manager saying I need to craft cards I already own?,2023-03-30 00:23:14,0
What if...?,2023-03-30 00:11:23,0
Can we swap Dr Booms in the Core Set so Warrior stands a chance next expansion?,2023-03-29 23:52:49,0
Free Standard Epic Card on Twitch Prime. Claim after rotation for best results.,2023-03-29 23:48:28,31
Garrote Rogue in 2023 (with Vanndar Stormpike),2023-03-29 23:39:36,0
Tfw ai makes warrior more playable than devs,2023-03-29 23:31:04,5
How much gold should I spent at the start of the new expansion?,2023-03-29 23:20:16,0
Any idea how to fix this? Been happening since etc update,2023-03-29 22:44:29,0
very murlock win,2023-03-29 22:41:47,0
Absolutely 💕IN LOVE💕 with all the Quilboar support coming in the new set!!! Here's a list I've been theorycrafting for day one... what do you think I should cut to make room for 2 copies of each of the Riffs? 😁,2023-03-29 22:41:45,464
"I get it, its a bot. But how he played these cards in standard??",2023-03-29 22:35:19,8
"Like what happened in WoW, it's becoming clear that there is a real problem with developers getting attached to certain classes",2023-03-29 22:27:42,0
How does Power Slider work with amalgam or Murlocula?,2023-03-29 22:21:03,0
it can also roll,2023-03-29 22:17:40,142
Crazed Conductor flavor text is a reference to Sigma from Overwatch,2023-03-29 22:11:50,155
Warrior card idea for devs who apparently lost their inspire,2023-03-29 22:05:18,0
What is your Tier Class prediction after seeing most of the cards?,2023-03-29 21:58:58,169
A custom idea to handle the Sadness of Warrior,2023-03-29 21:42:25,0
I've never been more happy to see a dwarf in my life,2023-03-29 21:18:41,0
They did the thing,2023-03-29 21:02:29,663
Making an arena deck based on top comment - day 29/31 (hero + 30 cards),2023-03-29 20:54:34,15
"The conquist is saying ""Acólito da Morte"", but the card name is ""Acólita da Morte""",2023-03-29 20:48:53,0
Aggro players think they can kill Control Warlocks! 😂😂,2023-03-29 20:38:08,139
Update: Cards that you pay for with Health will go through immune and Divine Shield,2023-03-29 20:37:23,505
"Tavern Brawl this week is... ""Battle of Tol Barad"" (March 29, 2023)",2023-03-29 20:35:52,21
Does anyone know when Spotify is getting fixed for hearthstone?,2023-03-29 20:33:51,15
"“In 26.0, we are changing how hero-Immune works with cards that cost Health instead of Mana…”",2023-03-29 20:27:30,461
The Snowflipper Deathwing Exodia,2023-03-29 20:26:51,29
An old friend heard there's a new symphony in town.,2023-03-29 20:23:58,197
"It's Warrior time, baby. 😎",2023-03-29 20:23:57,597
Bug with gold total updating,2023-03-29 20:22:16,7
Is there any way to see when i played Hearthstone for the last time?,2023-03-29 20:09:49,1
This week’s Tavern Brawl is “Battle of Tol Barad”!,2023-03-29 20:01:08,10
Why is nobody talking about Fel Warlock?,2023-03-29 19:57:12,0
If this is okay.. why can’t we unnerf Jaina?,2023-03-29 19:34:17,0
My best draw ! Im happy so want to share ☺️,2023-03-29 19:31:54,0
New Warlock Card Revealed - Crescendo,2023-03-29 19:03:30,1513
New Warlock Card Revealed - Felstring Harp,2023-03-29 19:03:24,917
New Warlock Card Revealed - Baritone Imp,2023-03-29 19:03:11,978
New Warlock Card Revealed - Crazed Conductor,2023-03-29 19:03:00,643
"Finally, the warrior class flavour",2023-03-29 18:54:58,188
Here is your legendary spell for warrior,2023-03-29 18:33:05,0
Suspicious alchemist strikes again.,2023-03-29 18:28:44,15
I am lvl 79 on the battle pass with no missions left. Do i have a chance of getting to lvl 100 before the next expansion?,2023-03-29 18:28:15,0
Redeem MotLK Mega Bundle code on all servers,2023-03-29 18:25:40,0
I loved the design behind Symphony of Sins and wanted to reimagine it as a Warrior card,2023-03-29 18:18:01,534
Regional Power Rankings - HSReplay.net - Mar 29,2023-03-29 18:14:07,51
Conspiracy theory about warrior,2023-03-29 18:04:43,0
Constantly running into bots,2023-03-29 18:02:41,0
This meta is unplayable..,2023-03-29 17:53:28,165
Please clap,2023-03-29 17:13:50,334
RIP Combo/Control decks,2023-03-29 17:03:59,669
Warrior is bad,2023-03-29 17:00:30,0
Potential Heartbreaker Hedanis OTK for Wild,2023-03-29 16:52:55,4
Smh they never play around it,2023-03-29 16:46:18,0
Has there any been a case where a free celebration skin was sold for gold?,2023-03-29 16:43:10,0
warrior music theme song revealed,2023-03-29 16:20:11,0
New Warlock Card Revealed - Symphony of Sins (Now With Movements in one image),2023-03-29 16:11:10,2833
New Card Revealed- Symphony of Sins,2023-03-29 16:10:55,60
New Tokens - Movements - Symphony of Sins,2023-03-29 16:07:24,408
"Another class identity, core philosophy post",2023-03-29 16:07:09,0
ETC Band Manager not discovering kazakusan,2023-03-29 15:39:55,11
First time diamond (6year break- 3days and 130games),2023-03-29 15:01:22,4
Spell Prediction,2023-03-29 14:58:55,0
How to fix Hearthstone EP.582,2023-03-29 14:45:02,0
Im luck…..shit,2023-03-29 14:29:34,0
Question about Loan decks,2023-03-29 14:11:49,1
Did the refund dust for Maestra arrive yet?,2023-03-29 14:06:34,0
Am I the only one getting annoyed by Reno& Zola combi?,2023-03-29 13:54:04,0
What deck are you most excited for?,2023-03-29 13:52:26,28
Using undead priest deck and getting slapped,2023-03-29 13:43:21,0
Problem with big Priest,2023-03-29 13:32:54,0
Blizzard knows exactly what they are doing - here is why,2023-03-29 13:11:50,0
16-0 record with Boon Priest today (so far). Has a learning curve but after that it's very powerful. Underrated deck in the current meta.,2023-03-29 13:04:41,0
"Might not be the largest toad ever, but certainly is the largest I've ever done.",2023-03-29 12:47:20,2
Returning Player - Card packs and free deck question,2023-03-29 12:35:46,0
Battlegrounds is very random with buddies and the current fixes,2023-03-29 12:35:24,0
The problem with the new Warrior cards is not the powercreep. They're just uninspired and boring.,2023-03-29 12:35:15,511
When will the new expansion be available globally?,2023-03-29 12:16:53,1
"darnet hearthstone, 2 expos i want in a row... really?",2023-03-29 12:12:39,0
"Just a reminder, before the anti-circlejerk tone police shows up",2023-03-29 12:00:04,0
Good but fun rouge decks for wild,2023-03-29 11:49:23,1
"So why'd they have to change the Illidan card to Xavius when DH released, if they didn't change The Lich King card when DK released?",2023-03-29 11:41:49,64
Garbage Warrior,2023-03-29 10:20:45,0
"Huh, another one of my mobile games is running an ad for Hearthstone. HUH, the ad is touting that hot new expansion... Madness at the Darkmoon Faire! XD",2023-03-29 09:54:50,9
We're gonna be rich!,2023-03-29 09:52:29,87
warrior ftw,2023-03-29 09:51:53,0
Quick Comparison : Warrior (Worst Class of the game since 1 year) vs Others standard cards,2023-03-29 09:46:51,34
"As a Warrior main, I couldn't agree more with Corbett and Roffle's takes on Riffs",2023-03-29 09:02:00,11
Warrior becomes GIGA OP,2023-03-29 08:56:56,122
Is this literally the only good new warrior card or am i missing something?,2023-03-29 08:41:13,149
"I don't get how undead priest, unholy dk, frost dk etc. are tier 1 when basically any deck with survivability and control beats them",2023-03-29 08:01:10,0
FEEL THE RAGE BUT NOT THE CARD.,2023-03-29 07:52:22,2
Give me karma,2023-03-29 07:35:07,0
PRESTOR DRUID,2023-03-29 07:20:12,0
"Don't worry guys, the Warrior reveals were all just a big April fools joke, here are the totally real versions. Boy howdy they got us good.",2023-03-29 06:08:40,394
100 coin pack,2023-03-29 05:30:52,0
"I've played Priest almost exclusively since Galakrond's Awakening (exceptions for quests, adventures, and brawls). AMA",2023-03-29 04:10:19,0
"Finally finished Dalaran Heist Heroic. All heroes, random deck.",2023-03-29 03:14:22,1
If Blizzard is planning to make Menagerie Warrior a thing…,2023-03-29 02:46:52,33
Arena helper plugin HELP. Why can't I install it? What am I doing wrong?,2023-03-29 02:40:27,1
What's a class with the most variety of budget friendly play styles?,2023-03-29 02:33:44,0
I finally hit legend! And it was with a warrior 😁,2023-03-29 02:26:31,5
What is high elo?,2023-03-29 02:08:31,2
"""No Annoy-O-Tron, an air horn is not an instrument""",2023-03-29 01:57:15,12
Razorfen Rockstar,2023-03-29 01:56:52,1
"The best Rokara art and we can’t use it in standard. Most portraits in BG are amazing, we should be able to use them in other modes. Some classes desperately need the variety.",2023-03-29 01:47:54,23
Drawing Cards vs Copying Cards (Why Copying a Card sucks),2023-03-29 01:46:47,8
"It's 2023, there are now 11 classes- Let us pick from more than 3?!",2023-03-29 01:20:49,2
They've all had their time. Don't worry. You'll be calling for warrior nerfs before you know it,2023-03-29 01:12:45,3
The Close Touch achievement (have Plaguespreader hit a legendary minion) does not work with Treachery.,2023-03-29 01:12:06,1
Hearthstone Mobile Stopping Background Audio,2023-03-29 01:05:17,6
fun with Scabbs,2023-03-29 01:00:38,0
"4851 fatigue damage, my new best",2023-03-29 00:35:32,0
shadow priest is busted?,2023-03-28 23:57:18,0
Here you go Blizz,2023-03-28 23:35:45,3
What does Poetic Pen Pal say when played?,2023-03-28 23:34:33,5
"me at the ""Warrior Bad"" party that the whole subreddit is attending",2023-03-28 23:29:57,205
Just following the trend. Enjoy :),2023-03-28 23:23:56,3350
Stay Fresh,2023-03-28 23:13:14,0
Making an arena deck based on top comment - day 28/31 (hero + 30 cards),2023-03-28 23:13:14,2
/mercenaries/ Khadgar Hearthfire speed,2023-03-28 22:22:42,0
Who actually remembered this card existed,2023-03-28 22:21:22,194
"My attempt at making Control Warrior even remotely viable post-""Festival of Legends""",2023-03-28 21:55:24,2
So.. when is this going to be fixed?,2023-03-28 21:45:38,0
Magic The Gathering but it's hearthstone,2023-03-28 21:44:59,4
Does anyone know how the giveaway live streams on April 6-7 will work?,2023-03-28 21:40:51,0
The devs are torturing us,2023-03-28 21:22:46,91
Banning Wild Cards,2023-03-28 21:17:52,0
What would the Warlock Class look like if it was being introduced into Hearthstone Today? (See Comments),2023-03-28 21:00:39,62
"Here are all of the Festival of Legends cards revealed today (March 28, 2023)",2023-03-28 20:58:21,131
Warsong Commander = Houndmaster Shaw?,2023-03-28 20:52:18,0
"Seriously, What is Their Problem With Warrior?",2023-03-28 20:48:35,17
Still waiting on this card to improve,2023-03-28 20:47:03,2
Hearing speculation (@ZachODR) that this is the reason why they aren’t giving warrior good support…,2023-03-28 20:44:44,30
Easy Legend Warrior Combo!!!! (credit to u/MarvelousJarro for the idea),2023-03-28 20:40:27,125
Any idea which one drop would be best?,2023-03-28 20:26:09,4
Warriors right now,2023-03-28 20:18:25,158
Voone #1!!!,2023-03-28 20:06:33,40
Ban Azaramarak when beasts are in the lobby.,2023-03-28 19:57:12,0
my best idea,2023-03-28 19:50:22,0
Dr. Boom's Scheme added to Core Set.,2023-03-28 19:49:12,308
Can we demand blizzard to give us full dust refunds on any warrior cards we get? This is just false advertising and a scam to release cards like this.,2023-03-28 19:49:02,0
Warrior cards in Festival of Legends vs older cards (except 1 example).,2023-03-28 19:47:53,272
I am so disappointed with the Warrior cards I’m quitting Hearthstone,2023-03-28 19:47:05,0
25.6.3 Patch Notes - (Bug Fixes Incl. Duels and Journal),2023-03-28 19:43:59,17
FoL Warrior cards would be strong if those were in core set.,2023-03-28 19:35:46,179
Anyone else?,2023-03-28 19:32:37,597
Post-Rotation Undead Priest,2023-03-28 19:27:47,1
I reworked the Riff package. I am planning to rework the rest of the Warrior cards from last year too depending on attention.,2023-03-28 19:19:44,0
In commemoration to the dead horse,2023-03-28 19:17:33,11
Warrior has turned into the joke of hearthstone,2023-03-28 19:14:14,13
Why isn't Dragon tribe warrior's main tribe?,2023-03-28 19:06:08,3
Warrior seems so good this upcoming expansion,2023-03-28 19:04:23,1529
Warrior state right now,2023-03-28 19:02:46,53
"Festival of Legends Warrior cards, if they were printed for other classes",2023-03-28 18:56:52,576
Unrevealed Warrior weapon,2023-03-28 18:55:42,9
Question about new druid cards,2023-03-28 18:55:30,1
see ya'll next expansion,2023-03-28 18:54:55,41
"Pls stop Team 5, warrior is already dead",2023-03-28 18:48:07,22
Need dev confirm on this. When play dual-type minion (like Mech-Pirate) will this card get +2/+2?,2023-03-28 18:47:06,21
How do you open your packs? Do you hover your mouse over them and look at the rarity or do you open them as fast as you can?,2023-03-28 18:46:41,1
"Since there's 1 and half classes using menagerie this year, why aren't these part of the coreset?",2023-03-28 18:46:14,183
The last expansion where Warrior received multiple good cards was Stormwind.,2023-03-28 18:44:33,0
Just ya'll wait.,2023-03-28 18:40:51,9
"Case closed, the music genre designated for warrior is requiem",2023-03-28 18:38:56,523
Undead Aggro Decks,2023-03-28 18:38:48,0
I want to dodge the warrior legendaries so bad in my pack opening,2023-03-28 18:36:42,15
What an insane prediction I pulled off! Truly unseen!,2023-03-28 18:34:34,83
"Don't worry guys, here's the REAL Voone!",2023-03-28 18:32:10,21
Y'all need to chill out with the warrior hate.,2023-03-28 18:28:03,0
Whelp.,2023-03-28 18:25:11,95
Warrior bad. Blizzard hates Warrior. Very original indeed.,2023-03-28 18:24:43,311
Warrior mains after the reveals:,2023-03-28 18:24:14,422
Oh FFS,2023-03-28 18:19:05,24
"So, since all legendaries are revealed (except warlock) this little sneak peek is gonna be druid legendary, right?",2023-03-28 18:18:15,1
Warrior?,2023-03-28 18:17:20,138
"Perhaps a hot take, but I think Sire's nerf while very much deserved was far too severe and he hasn't been playable since. I also don't think Prince should've been nerffed in the first place, but perhaps a slight stat nerf might make him feel a bit more fair.",2023-03-28 18:16:39,0
me watching today's warrior card announcements,2023-03-28 18:16:20,21
Warrior Reveals Today,2023-03-28 18:15:33,644
I have no words with these Warrior cards…,2023-03-28 18:12:09,1102
"BREAKING: Garrosh finally found after disappearing for a few minutes after Voone's concert, overdosed by salt",2023-03-28 18:11:13,97
The logic behind the latest warrior cards,2023-03-28 18:11:06,276
New Warrior Card Revealed - Roaring Applause,2023-03-28 18:05:53,128
New Warrior Legendary Revealed - Rock Master Voone,2023-03-28 18:05:30,165
New Card Revealed - Roaring Applause,2023-03-28 18:05:29,627
New Card Revealed - Rock Master Voone,2023-03-28 18:04:57,1577
New Warrior Card Revealed - Razorfin Rockstar,2023-03-28 18:04:49,100
New Card Revealed - Power Slider,2023-03-28 18:04:40,887
New Warrior Card Revealed - Drum Soloist,2023-03-28 18:04:24,20
New Card Revealed - Razorfen Rockstar,2023-03-28 18:04:22,1005
New Card Revealed - Drum Soloist,2023-03-28 18:03:53,619
Decent Pirate Warrior Deck Diamond ranks,2023-03-28 18:03:03,0
Does this work?,2023-03-28 17:54:12,17
"In your opinion, what is the worst card ever printed and why?",2023-03-28 17:53:07,0
Why is their hero power activating twice?,2023-03-28 17:37:22,0
Number of New Cards per Class,2023-03-28 17:36:00,0
They forgot to update the Rat King's buddy to the new hero power...,2023-03-28 17:22:58,0
"I cannot enter the store, duels or arena...",2023-03-28 17:19:02,2
Less Than 45 Minutes Until TOTAL WARRIOR DESPAIR,2023-03-28 17:18:05,11
HELLO?! Paladin Hero power glitch?! Gonna fix that in duels?!,2023-03-28 17:17:08,0
Login loop on mobile?,2023-03-28 17:15:58,1
50 minutes until we watch warrior die,2023-03-28 17:12:34,42
How do I win against this combo?,2023-03-28 17:07:22,1
New mage card slaps,2023-03-28 17:04:20,29
"The case, so far, for Monk being the next class added to Hearthstone.",2023-03-28 16:58:11,4
A Fire Warrior deck,2023-03-28 16:54:01,3
Why isn't skeleton mage a thing anymore?,2023-03-28 16:38:59,3
Great callback.,2023-03-28 16:33:25,397
Can someone explain what happened here?,2023-03-28 16:13:47,0
New Mage Card Revealed - Lightshow,2023-03-28 16:01:29,800
New Mage Card Revealed - Volume Up,2023-03-28 16:01:24,831
New Mage Card Revealed - Keyboard Soloist,2023-03-28 16:01:19,519
New Mage Card Revealed - Audio Splitter,2023-03-28 16:01:07,442
New Mage Card Revealed - Rewind,2023-03-28 16:01:06,719
Journal Bug,2023-03-28 15:44:23,1
I just got legend,2023-03-28 15:37:35,1
So what am I doing now?,2023-03-28 15:26:06,0
Is anyone else feeling kinda...,2023-03-28 15:09:02,215
How does hearthstone take a year off from new content to fix the stability of the game and end up breaking background sound?,2023-03-28 14:10:25,0
What expansion themes would you like to see?,2023-03-28 13:43:11,4
New kind of bot?,2023-03-28 13:42:23,0
Is there a way to check what legend rank you need for the 11-Star bonus?,2023-03-28 13:40:20,5
Why does games such as Hearthstone and Wotlk randomly uninstall from my computer?,2023-03-28 13:03:17,0
Druid is not going to be fun to play against,2023-03-28 12:45:11,0
Dust value for rotating cards?,2023-03-28 11:44:10,0
Me during all these card reveals,2023-03-28 11:23:22,193
"bro, the new hero for demon hunter is crazy.",2023-03-28 11:21:10,2
So is this the oger reference or will there be something else? (Dare I say better stats for the cost),2023-03-28 11:11:10,82
New Priest Card Revealed - Love Everlasting,2023-03-28 11:05:15,1749
New Priest Card Revealed - Fight Over Me,2023-03-28 11:04:00,987
New Priest Card Revealed - Shadow Chord: Distort,2023-03-28 11:02:47,1156
What is your average number of wins per arena run?,2023-03-28 10:49:03,0
I regret my choices.,2023-03-28 09:41:51,0
I have a lot of book of Heroes and book of mercenaries solo games that I haven't play. Would they disappear after the rotation?,2023-03-28 09:11:33,1
so what now ?,2023-03-28 08:55:48,0
Who's still hopeful?,2023-03-28 08:48:18,260
thought of a cool mechanic for minions,2023-03-28 08:33:17,2
we get it yall,2023-03-28 08:30:39,0
Hearthstone's open beta lasted less than two months. Duel's 'open beta' has now been going on for over two years.,2023-03-28 07:21:29,32
Newbie Tuesdays Weekly Discussion,2023-03-28 06:01:17,11
Astalor??,2023-03-28 05:40:07,0
Should Renathal be un-nerfed at rotation?,2023-03-28 05:14:37,686
Hearthstone trailer tier list now with festival of legends.,2023-03-28 05:04:13,57
Free Spirit if it is a warrior card,2023-03-28 04:48:34,721
Do the Hero Skins and Cosmetic Battleground/Mercenary Stuff Ever Come Back to the Shop?,2023-03-28 04:38:44,3
This is going to be a fun expansion.,2023-03-28 03:55:16,12
Shouldn’t Unholy Gift read “5 Lich King cards” now?,2023-03-28 03:46:42,34
"Why is Duels so bugged? I can’t play the DK treasure card from my hand. It gains corpses, destroys minions, and draws cards. No reason I shouldn’t be able to.",2023-03-28 03:43:51,1
My last wish to save warrior,2023-03-28 03:29:55,24
I achieved the Ragnaros dream in Battlegrounds,2023-03-28 03:19:43,34
Can old portraits like the King Rastakhan one come back to the shop?,2023-03-28 03:12:12,3
First place 67% of the time with George the Fallen,2023-03-28 03:04:13,0
Death Knights Decks,2023-03-28 02:50:57,4
Is my math right? 2 mana = 10/11 attack AND armor?,2023-03-28 02:22:07,167
Duels is looking really good!,2023-03-28 02:17:28,8
"""It's gonna rain down murder"" - Ja Rule",2023-03-28 01:10:35,19
"Dear Blizzard, If you want Warriors to play taunts so bad why not give us the Quest in core?",2023-03-28 01:04:14,131
What happens if I have a Golden Hanar when it rotates to Core?,2023-03-28 00:36:18,0
Summary of the 3/27/2023 Vicious Syndicate Podcast (Core set discussion & Festival of Legends class card preview),2023-03-28 00:32:56,47
Hit Diamond 5!!!,2023-03-28 00:29:04,4
The entire warrior situation reminds me of when priest was in the dumps and they released Purify,2023-03-28 00:22:13,267
what do achievement points do?,2023-03-28 00:18:06,0
I predict secrets in Warlock,2023-03-28 00:17:05,8
New expansion and week/daily missions.,2023-03-28 00:07:23,6
I hope that at the very least Warrior get's some cool Dragons in this expansion...,2023-03-27 23:46:41,6
Does anyone know when will they reopen the store?,2023-03-27 23:38:51,4
Opponent's Arena Deck Rating?,2023-03-27 23:29:16,0
Making an arena deck based on top comment - day 27/31 (hero + 30 cards),2023-03-27 22:55:59,26
New Warrior card,2023-03-27 22:42:47,1047
Tuskarrrr Trawler predicts the next expansion - Old Gods (Theory).,2023-03-27 22:38:58,0
What Decks Will Lose What with the Upcoming Rotation? A Visualization,2023-03-27 22:37:02,22
I had no idea this is was an achievement,2023-03-27 21:41:25,311
Quests after level 400 Tavern Pass,2023-03-27 21:41:12,0
Why it didn't heal me?,2023-03-27 21:15:05,13
Best decks with low investment?,2023-03-27 20:56:39,1
Returning player question About DK decks,2023-03-27 20:49:20,0
Returning player question! About DK decks,2023-03-27 20:49:10,0
Mister Mukla go brrrr,2023-03-27 20:41:16,335
What happened to arena? (not played since early 2018),2023-03-27 20:31:51,2
FeelsWarriorMan,2023-03-27 20:21:37,789
potential UI update ?,2023-03-27 20:20:44,3
old mage cards,2023-03-27 20:14:06,1
Small indie company moment: Minion casualy not doing what intended to,2023-03-27 20:12:09,2
Hit and sunk. That's a first for me.,2023-03-27 20:10:22,1
"Here are all of the Festival of Legends cards revealed today (March 27, 2023)",2023-03-27 20:01:38,248
"The spell I got from the Naga doesn't properly transform and just remained shadowstep. Plus everytime I played another spell, it played the transform animation like 10 times, and still remained shadowstep",2023-03-27 19:45:54,1
When you could just take an 8/8 but you go for the 1 in 3 and hit.,2023-03-27 19:41:08,13
How would YOU make Warrior great again? Can the class be saved?,2023-03-27 19:32:30,116
New Druid card,2023-03-27 19:22:58,1093
Flavor Text this expansion getting meta.,2023-03-27 19:14:12,561
Created an LED integration for Hearthstone that works for most RGB hardware brands. Any suggestions for what to add to it?,2023-03-27 19:05:23,197
New Druid Card Revealed - Spread the Word,2023-03-27 19:03:53,594
New Token - Fogsnout Fan,2023-03-27 19:03:52,151
New Card Revealed - Zok Fogsnout,2023-03-27 19:03:26,926
New Druid Card Revealed - Groovy Cat,2023-03-27 19:03:19,1064
New Druid Card Revealed - Free Spirit,2023-03-27 19:03:08,2337
[Bug] Ring of tides moment,2023-03-27 19:01:43,3
Big beast hunter is looking good,2023-03-27 18:44:44,7
"Assuming I have every card and going only for maximum dust value, which one is better to dump all my gold into?",2023-03-27 18:43:44,2
sigh...I'll miss you Kazakusan,2023-03-27 18:08:36,102
What's your favourite ever bad card with great art? / Or great card with bad art?,2023-03-27 17:58:33,0
Bots have never been this bad. I went from bronze to gold without ever having played a real player.,2023-03-27 17:54:43,0
*sigh* not the low effort combos again,2023-03-27 17:34:38,614
Could big beast hunter work? 🙂,2023-03-27 17:30:13,137
Some questions from a begginer,2023-03-27 17:24:01,2
So I got the manathirst weekly quest...,2023-03-27 17:23:57,2
New Blingtron - PLS,2023-03-27 17:15:44,0
"Playing since BRM, never seen a set with this much thought and SOUL put into it",2023-03-27 17:13:55,125
trolololo greymane battlegrounds,2023-03-27 16:43:22,0
New OTK? You can Shadoestep MC Blingtron to guarantee the play on 11 mana.,2023-03-27 16:44:32,51
Favoriting Cards,2023-03-27 16:41:08,3
So the spell hunter would call for 6-cost random beast?,2023-03-27 16:37:32,114
Cant progress tasks for Khadgar,2023-03-27 16:35:01,3
"First time hitting Legend, very happy 😁. I used Fell DH deck.",2023-03-27 16:33:49,27
Hearthstone won't open,2023-03-27 16:26:12,0
Even more banana's than his big brother.,2023-03-27 16:14:34,70
All New Rogue Cards Revealed (03/27/2023),2023-03-27 16:10:40,161
New Tokens - Golden and Broken Microphone - MC Blingtron (Both 1/2 weapons),2023-03-27 16:06:06,398
New Rogue Card Revealed - Mic Drop,2023-03-27 16:03:18,635
New Rogue Card Revealed - Harmonic/Dissonant Hip Hop,2023-03-27 16:03:01,588
New Rogue Legendary Revealed - MC Blingtron,2023-03-27 16:00:55,1270
Paladin bug?,2023-03-27 15:54:08,0
Stranglethorn Heart - full card animation 😍😍,2023-03-27 15:53:15,885
Fix Duels blizzard this is insane,2023-03-27 15:49:25,46
Varden + Fireworks Fanatic combo,2023-03-27 15:42:37,7
After 9 years he made his brother be proud of him,2023-03-27 15:40:41,935
Are preorder bundles really worth it?,2023-03-27 15:33:20,12
🐵,2023-03-27 15:14:45,1387
"The absolute state of Arena right now, don't know why I felt safe at 15 health",2023-03-27 15:02:31,53
New Hunter Card Revealed - Big Dreams,2023-03-27 15:01:40,664
New Hunter Card Revealed - Banjosaur,2023-03-27 15:01:32,1379
New Hunter Card Revealed - Stranglethorn Heart,2023-03-27 15:01:16,1182
New Hunter Card Revealed - Mister Mukla,2023-03-27 15:00:59,2715
Anyone care to explain what is going on here?,2023-03-27 14:18:58,0
Hearthstone returnee here asking a few questions,2023-03-27 14:12:15,5
This Hearthstone review from 8 years ago is pretty interesting.,2023-03-27 13:46:11,10
Zeddy now vs before,2023-03-27 13:27:42,13
Do you have a max amount of gold you intend to spend on new packs?,2023-03-27 13:26:31,11
Blizzard changed the artwork of TIMEWARDEN in between card reveal and release,2023-03-27 12:24:46,137
"Please don't take away cards from Wild when you don't have to, Blizzard",2023-03-27 12:18:40,228
Decent turn 2,2023-03-27 11:42:57,17
Should I buy the Mini set?,2023-03-27 10:45:08,0
deathrattle priority,2023-03-27 10:07:55,4
